order;AAPL;AMD;AMZN;FB;INTC;MSFT;NFLX;NVDA;TSLA;TWTR
(1, 0);-1.0;0.5390625;-1.0;-1.0;-1.0;-1.0;-1.0;-1.0;-1.0;-1.0
(2, 0);-1.0;0.5390625;0.5859375;-1.0;-1.0;-1.0;-1.0;0.6171875;-1.0;-1.0
(3, 0);-1.0;0.5390625;-1.0;0.4609375;0.5546875;-1.0;-1.0;-1.0;-1.0;-1.0
(4, 0);-1.0;0.5390625;-1.0;-1.0;-1.0;-1.0;-1.0;-1.0;-1.0;-1.0
(5, 0);-1.0;-1.0;0.5703125;-1.0;-1.0;0.515625;-1.0;-1.0;0.4765625;-1.0
(6, 0);-1.0;0.53125;-1.0;-1.0;0.515625;-1.0;-1.0;-1.0;-1.0;-1.0
(7, 0);-1.0;0.546875;-1.0;-1.0;0.5078125;0.4921875;-1.0;0.6171875;-1.0;-1.0
(8, 0);-1.0;0.515625;0.5703125;-1.0;0.5078125;0.515625;-1.0;-1.0;-1.0;-1.0
