order;AAPL;AMD;AMZN;FB;INTC;MSFT;NFLX;NVDA;TSLA;TWTR
(1, 0);-1.0;0.6304347826086957;-1.0;-1.0;-1.0;-1.0;-1.0;0.6413043478260869;-1.0;-1.0
(2, 0);-1.0;0.5978260869565217;-1.0;-1.0;0.4891304347826087;-1.0;-1.0;0.6086956521739131;-1.0;-1.0
(3, 0);0.5652173913043478;-1.0;0.5652173913043478;-1.0;-1.0;-1.0;-1.0;-1.0;-1.0;-1.0
(4, 0);-1.0;0.6413043478260869;0.5760869565217391;-1.0;0.5;-1.0;0.5652173913043478;0.6304347826086957;-1.0;-1.0
(5, 0);-1.0;0.6304347826086957;-1.0;0.4782608695652174;-1.0;0.4782608695652174;0.5543478260869565;-1.0;-1.0;-1.0
(6, 0);-1.0;0.6195652173913043;-1.0;-1.0;-1.0;-1.0;-1.0;0.6195652173913043;-1.0;-1.0
(7, 0);-1.0;0.5978260869565217;-1.0;-1.0;-1.0;-1.0;0.5652173913043478;0.6413043478260869;-1.0;0.4673913043478261
(8, 0);-1.0;0.5869565217391305;-1.0;-1.0;0.532608695652174;-1.0;-1.0;0.6304347826086957;-1.0;-1.0
