order;AAPL;AMD;AMZN;FB;INTC;MSFT;NFLX;NVDA;TSLA;TWTR
(1, 0);-1.0;0.546875;0.578125;0.4765625;0.5078125;-1.0;-1.0;-1.0;-1.0;-1.0
(2, 0);-1.0;0.53125;-1.0;-1.0;-1.0;0.515625;-1.0;-1.0;-1.0;-1.0
(3, 0);-1.0;0.53125;0.515625;-1.0;0.59375;-1.0;-1.0;-1.0;-1.0;-1.0
(4, 0);-1.0;0.5390625;-1.0;0.484375;0.5078125;0.4609375;-1.0;0.578125;-1.0;0.5078125
(5, 0);-1.0;0.53125;0.4921875;-1.0;-1.0;0.484375;-1.0;0.6015625;-1.0;-1.0
(6, 0);-1.0;0.5390625;0.5078125;-1.0;0.5390625;0.484375;-1.0;0.6171875;-1.0;0.5078125
(7, 0);-1.0;0.546875;-1.0;-1.0;-1.0;-1.0;-1.0;-1.0;-1.0;0.5078125
(8, 0);-1.0;0.53125;-1.0;-1.0;0.3828125;-1.0;-1.0;0.640625;-1.0;-1.0
